date,rain,observed,pred_mean,pred_lo90,pred_hi90,is_observed,bacteria
2020-06-01,0,NA,44.71382038361745,3.8224593589561913,533.3087888456128,FALSE,entero
2020-06-02,0,NA,42.75580758313953,3.2864646392279946,484.6763386270707,FALSE,entero
2020-06-03,0,2,38.62952512931794,2.894213225896768,479.9809231267563,TRUE,entero
2020-06-04,4.7,NA,47.1273082936536,3.8967642369486417,540.6683411702771,FALSE,entero
2020-06-05,8,NA,69.87288835993148,5.457433511638416,784.5951130886326,FALSE,entero
2020-06-06,2.6,NA,72.00206189379703,6.365102470052484,865.2539465322247,FALSE,entero
2020-06-07,0,NA,66.26812316464985,5.466003419085262,786.1150443588544,FALSE,entero
2020-06-08,1.2,NA,61.456336088425346,4.657724842202766,744.2642759847878,FALSE,entero
2020-06-09,0,NA,56.32668532473623,4.884441133512885,598.7781547435188,FALSE,entero
2020-06-10,0,NA,51.454395088980206,4.4519281224002825,623.6636944993572,FALSE,entero
2020-06-11,0,NA,48.52929454602789,3.799401905352318,527.9213750153572,FALSE,entero
2020-06-12,0,NA,45.73702761919121,3.4409456797702362,512.81494373063,FALSE,entero
2020-06-13,0,NA,44.340781234203824,3.5874350324390405,580.7621800794558,FALSE,entero
2020-06-14,0,NA,42.257997515604025,3.776410979073783,489.3269155566146,FALSE,entero
2020-06-15,0,NA,40.136856624495785,3.4339089080812677,466.6712644996077,FALSE,entero
2020-06-16,0.5,NA,40.92573184287187,3.7549568443692127,428.9524242240964,FALSE,entero
2020-06-17,25,NA,172.90131127761728,14.403278942347365,2138.8208399766986,FALSE,entero
2020-06-18,0,NA,142.00171826553094,12.005261711884758,1772.8428434295872,FALSE,entero
2020-06-19,0,NA,115.83714845588176,10.124536097048006,1276.054699557737,FALSE,entero
2020-06-20,0,NA,96.92116808511106,9.599623614746553,1039.7663149267978,FALSE,entero
2020-06-21,0,NA,84.02912569816532,7.5660724689571115,952.3192876527004,FALSE,entero
2020-06-22,0,NA,76.34150216618771,6.536354011617063,855.0888888038058,FALSE,entero
2020-06-23,0,40,67.58658738167877,5.92722534497478,763.6911322035792,TRUE,entero
2020-06-24,0,NA,63.39260533630701,5.552184038791495,690.4215751974716,FALSE,entero
2020-06-25,0,NA,57.69363994960978,5.119783034328879,709.7549300683033,FALSE,entero
2020-06-26,0,NA,48.641298391345025,4.551057512380371,515.2302120437083,FALSE,entero
2020-06-27,0,NA,44.297821524747015,3.5390384994570643,539.0598448264903,FALSE,entero
2020-06-28,0,NA,45.15982730461579,3.5142233619884826,517.1652856742834,FALSE,entero
2020-06-29,9.9,NA,79.3138002580444,7.723689817962917,793.7438197412163,FALSE,entero
2020-06-30,26.3,NA,353.228425952959,28.452113380627676,4746.372979701852,FALSE,entero
2020-07-01,1.4,NA,289.87366346136935,23.576840376489315,3512.218660324436,FALSE,entero
2020-07-02,1.4,NA,244.56127623447114,22.57185176330734,2652.698193648383,FALSE,entero
2020-07-03,0,NA,194.07205885337353,17.837106533048438,2162.474364753262,FALSE,entero
2020-07-04,10.5,NA,300.7646830361906,29.163438025901073,3229.8292817680294,FALSE,entero
2020-07-05,11.1,NA,461.01318466906645,40.473930238174965,5375.060382338063,FALSE,entero
2020-07-06,0.3,NA,359.0902162815427,31.358200621586228,4146.016942068257,FALSE,entero
2020-07-07,3.2,NA,327.0103720805775,25.906775275960054,3799.0167364131703,FALSE,entero
2020-07-08,1.3,NA,216.24290623312336,17.27276015739571,2359.3704442648936,FALSE,entero
2020-07-09,0.4,NA,187.37412583498963,16.145964713559852,2066.053290209299,FALSE,entero
2020-07-10,7.7,NA,253.72574484869492,22.52488082032239,2855.952772147945,FALSE,entero
2020-07-11,5.7,NA,296.97956719740404,25.89173418324123,3309.5948679624157,FALSE,entero
2020-07-12,0,NA,226.07744888637785,18.96510276567818,2819.1033008655418,FALSE,entero
2020-07-13,18.6,1900,575.827912719751,47.22543888674758,6804.5946275729975,TRUE,entero
2020-07-14,0,NA,436.6276180982154,35.047259297431395,5127.992213918209,FALSE,entero
2020-07-15,0,500,331.65779760575526,27.885608631149182,4085.450975631491,TRUE,entero
2020-07-16,0,NA,249.68015019144718,19.98921651424052,3098.212793212291,FALSE,entero
2020-07-17,0,NA,218.34902582929405,17.998619303717707,2667.2466544616555,FALSE,entero
2020-07-18,0,NA,176.0254634835634,14.834340844138906,2217.7975930535263,FALSE,entero
2020-07-19,0,NA,142.82181233485042,11.504504790387575,1666.4721766373798,FALSE,entero
2020-07-20,0,330,118.10803734525301,8.868605236552906,1338.5391171486463,TRUE,entero
2020-07-21,0,NA,86.65733117695659,7.618177010832148,953.4361121528912,FALSE,entero
2020-07-22,0,NA,79.41204477712415,7.7572924199092155,903.8465474432471,FALSE,entero
2020-07-23,1.7,NA,77.40874245379965,6.652555280144826,823.4531085759479,FALSE,entero
2020-07-24,3.7,NA,93.91930937917468,8.389593715893763,1038.0224474779764,FALSE,entero
2020-07-25,1.5,NA,86.29948012242224,7.839550505116596,986.7885627115562,FALSE,entero
2020-07-26,0,NA,69.05180871537458,6.035681534134564,724.1116799018399,FALSE,entero
2020-07-27,7.9,NA,108.70828716959011,10.08568085778482,1172.1264136589525,FALSE,entero
2020-07-28,7.4,NA,139.65905545632106,13.135106311115967,1533.8115337301792,FALSE,entero
2020-07-29,15,NA,295.9753850380666,26.443577039035777,3133.5204400714792,FALSE,entero
2020-07-30,0,NA,228.5636196542154,22.472840193653433,2320.777947876523,FALSE,entero
2020-07-31,0,NA,165.720106222809,16.408558034098697,1828.7526469073096,FALSE,entero
2020-08-01,0,NA,134.00428512852835,12.116089179547807,1591.1212208854947,FALSE,entero
2020-08-02,1,NA,120.05858895235274,11.074804079777756,1306.3118790303065,FALSE,entero
2020-08-03,8.3,120,157.52293888922847,13.42025897953314,1577.4013416944324,TRUE,entero
2020-08-04,0.3,NA,132.5781831678998,12.923211541179617,1414.2366030426974,FALSE,entero
2020-08-05,0.1,NA,115.20770113633775,11.577035846085545,1245.0502382006964,FALSE,entero
2020-08-06,0,NA,100.54680935065085,9.83341729373285,1061.9185966145178,FALSE,entero
2020-08-07,0,NA,93.26481407478812,8.057672661792452,1015.0571638129958,FALSE,entero
2020-08-08,0,NA,80.48210040280395,7.026927080683926,826.6935872946426,FALSE,entero
2020-08-09,0,NA,75.96745694515225,6.363444023404213,804.0945732375943,FALSE,entero
2020-08-10,0,NA,64.77416836567511,5.608857645991866,693.3599355464571,FALSE,entero
2020-08-11,0,NA,65.49883299612405,5.760624798608399,714.5356141042832,FALSE,entero
2020-08-12,4.7,NA,83.17075717412328,7.377232513157074,923.4821314032953,FALSE,entero
2020-08-13,0,NA,75.56834999207096,6.567627274779559,807.4402147865869,FALSE,entero
2020-08-14,0,NA,65.96662982310805,6.249086048399213,728.2365143352511,FALSE,entero
2020-08-15,0,NA,62.3665492265173,5.475565742262196,646.6977717796603,FALSE,entero
2020-08-16,0,NA,59.46129563171847,5.1547485632339285,692.5652155971776,FALSE,entero
2020-08-17,0,NA,50.598688067410635,4.486212027534538,535.5597064562778,FALSE,entero
2020-08-18,0,NA,47.420526530707164,3.965836704903304,534.0194838915035,FALSE,entero
2020-08-19,0,NA,38.8968674970306,3.0615963969705224,479.46147051320344,FALSE,entero
2020-08-20,0,NA,38.53389504389587,3.2221198032559966,411.32720755880547,FALSE,entero
2020-08-21,1.9,NA,42.70296408588604,3.755931972561923,505.3834700210278,FALSE,entero
2020-08-22,13.8,NA,97.7629656917435,8.21008933828697,1137.746421345136,FALSE,entero
2020-08-23,20.5,NA,310.60088854586974,25.115365779680715,4026.18429585833,FALSE,entero
2020-08-24,8,1900,363.2335472519872,28.485281023774743,4467.87849174325,TRUE,entero
2020-08-25,0.3,NA,274.9968430736583,25.323478681055377,3048.808038301266,FALSE,entero
2020-08-26,0.8,NA,216.84651878174103,19.306062488765125,2451.5992701616465,FALSE,entero
2020-08-27,0,61,180.75068969727226,17.255898405901892,1958.3803932837614,TRUE,entero
2020-08-28,0,NA,153.56639991429822,13.71638275136922,1644.523080556436,FALSE,entero
2020-08-29,12.2,NA,262.3700504249829,23.304419460595636,2918.0102417372605,FALSE,entero
2020-08-30,2.9,NA,260.84243848081394,22.641746256947656,2865.838751865039,FALSE,entero
2020-08-31,1,NA,222.11071597782848,20.942830867346945,2378.347708352051,FALSE,entero
2021-06-01,0,20,188.68433109550446,16.679767224628353,2299.715620594213,TRUE,entero
2021-06-02,0,NA,157.7693450763264,12.386135298949082,1929.1293795969273,FALSE,entero
2021-06-03,0,NA,134.09988440038617,10.54545696063161,1585.1496865933807,FALSE,entero
2021-06-04,0,NA,120.78467560061637,10.966051185837252,1448.454914976789,FALSE,entero
2021-06-05,0,NA,106.8772984843649,9.713481572689945,1275.6726460374693,FALSE,entero
2021-06-06,13.1,NA,227.56157388464072,19.341320825731202,2686.740481918463,FALSE,entero
2021-06-07,0.2,NA,169.79326125093988,14.359020727287696,1844.2601855239816,FALSE,entero
2021-06-08,0,NA,135.92881613367396,12.21740078406138,1509.5032564945075,FALSE,entero
2021-06-09,0,NA,115.40334636883746,10.235690717303287,1277.8990021992538,FALSE,entero
2021-06-10,0,NA,89.80441005907231,8.295502002308597,958.3798758581694,FALSE,entero
2021-06-11,0,NA,82.02942405740531,6.933931755225038,917.3411821626889,FALSE,entero
2021-06-12,5,NA,101.70714884484437,10.38277937120642,1020.4034351233079,FALSE,entero
2021-06-13,0.2,NA,94.58313185836133,8.552334927176528,1054.4819380910437,FALSE,entero
2021-06-14,0.5,NA,84.935495098774,8.085942008505148,900.7962792583739,FALSE,entero
2021-06-15,0,340,77.73248464267402,7.305375033890427,838.7076803070391,TRUE,entero
2021-06-16,0,NA,51.891025798446655,4.5814037364041935,522.9620111345314,FALSE,entero
2021-06-17,0,NA,47.743604588206175,4.3163535810574185,479.98335003683684,FALSE,entero
2021-06-18,0,NA,47.76439505787639,4.02616248685036,529.4654221174557,FALSE,entero
2021-06-19,0,NA,45.676921578092795,4.014558131986515,499.8809274363355,FALSE,entero
2021-06-20,0,NA,45.28014727395464,4.4242452950989515,533.9790374029598,FALSE,entero
2021-06-21,0,90,41.70852490092243,3.7031825223563626,495.86482537796627,TRUE,entero
2021-06-22,0,NA,41.523304071916854,3.8005723245086656,436.498348040052,FALSE,entero
2021-06-23,11.7,NA,83.92894236850333,7.2511833941344515,964.1353527243864,FALSE,entero
2021-06-24,0,720,76.92511505175976,6.649874218156534,818.9029112744624,TRUE,entero
2021-06-25,0,NA,69.87990624826412,6.51457844011803,780.3725525054182,FALSE,entero
2021-06-26,0,NA,63.11804971238636,6.1975158216762924,674.6360478160691,FALSE,entero
2021-06-27,0,NA,53.1979933780708,4.664991560545904,521.4000654378908,FALSE,entero
2021-06-28,0,NA,49.70283314703009,4.462310193717554,540.9696313313226,FALSE,entero
2021-06-29,0,NA,47.5488841841004,4.713676058813415,522.8163858262254,FALSE,entero
2021-06-30,8,210,73.87955216184075,7.1576054863057434,839.7370304971532,TRUE,entero
2021-07-01,0,NA,68.23203325316345,6.589962540836243,773.7783519553268,FALSE,entero
2021-07-02,0,NA,61.9541875174107,6.072363027385176,677.704928109402,FALSE,entero
2021-07-03,0,NA,52.4739870952121,4.935537052610935,559.2183219749667,FALSE,entero
2021-07-04,0,NA,50.536618752959086,4.677827714622615,485.88980575657945,FALSE,entero
2021-07-05,0,NA,47.85349180415078,4.347608650557765,510.93218087728656,FALSE,entero
2021-07-06,0.3,45,47.00303072738139,4.363162182574991,548.2717655537602,TRUE,entero
2021-07-07,1.4,NA,49.068441376414704,4.27914273367786,507.85526849838595,FALSE,entero
2021-07-08,1.1,NA,51.95803609183632,4.841091172299625,520.2965039625486,FALSE,entero
2021-07-09,0,NA,47.07263568401561,4.0790747035030215,546.4288187516879,FALSE,entero
2021-07-10,0,NA,47.673048213907414,4.244198901470253,547.715184133708,FALSE,entero
2021-07-11,0,NA,45.806848624117535,3.8192206940159608,544.6862617164152,FALSE,entero
2021-07-12,0,NA,44.32184334585353,3.9144487106655825,494.34404473947535,FALSE,entero
2021-07-13,0,21,43.57303154344625,3.913663054556283,483.7348101931981,TRUE,entero
2021-07-14,0,NA,36.84466255121124,3.4681647698471125,383.32388936968516,FALSE,entero
2021-07-15,0,NA,35.680543667951284,3.249841420925764,400.0620824229014,FALSE,entero
2021-07-16,0,NA,35.32130295181998,3.2161974080011064,393.06120222883186,FALSE,entero
2021-07-17,0,NA,34.06805091695498,2.87718861646845,368.91728930353014,FALSE,entero
2021-07-18,0.6,NA,34.71753325224915,2.9498284151338225,373.1213734465963,FALSE,entero
2021-07-19,0,NA,35.139658532411545,3.2955199053915667,382.38885554761544,FALSE,entero
2021-07-20,2.6,NA,41.27774116154991,3.4931171449906793,482.57854499742507,FALSE,entero
2021-07-21,0,NA,36.87357564989501,3.047493178784379,402.0071415642455,FALSE,entero
2021-07-22,0,NA,35.526451515818536,3.102462654266769,399.244703864038,FALSE,entero
2021-07-23,0,NA,35.65718703851349,2.9637194055684404,410.94876137964843,FALSE,entero
2021-07-24,0,NA,34.89513181205134,3.039579820611676,397.9622976949364,FALSE,entero
2021-07-25,0,NA,34.93691291527868,2.8942022114849904,404.80996437176594,FALSE,entero
2021-07-26,0,NA,32.515746899386926,2.8587391714664636,388.2106586116642,FALSE,entero
2021-07-27,17,19,100.79601215140616,9.503777294506133,1123.467036021666,TRUE,entero
2021-07-28,11,NA,162.1263192830537,12.755841847974368,1851.4198244664074,FALSE,entero
2021-07-29,0,NA,127.89068666187592,11.62075791604109,1386.4738709336307,FALSE,entero
2021-07-30,10,100,198.44972874551706,17.53602763046956,2201.014287618176,TRUE,entero
2021-07-31,3.3,NA,202.38033911005,17.821733057638163,2326.1446986638493,FALSE,entero
2021-08-01,0,NA,155.4593377635386,14.243047992219196,1750.7212283236383,FALSE,entero
2021-08-02,0.2,NA,135.381471455052,12.263325896185185,1339.7938271923376,FALSE,entero
2021-08-03,0.2,NA,115.98442031437344,10.987114722089341,1320.089498645223,FALSE,entero
2021-08-04,0,NA,103.54255839056324,9.494429865348474,1097.7897883835406,FALSE,entero
2021-08-05,0,NA,93.99460460652348,8.318339962068551,1118.3080309489685,FALSE,entero
2021-08-06,0,NA,82.10103749146708,7.94725584254733,958.1171659981632,FALSE,entero
2021-08-07,13,NA,168.719163597982,15.8234869475972,1662.9229770159357,FALSE,entero
2021-08-08,4,NA,176.6069390927211,15.849752265103437,1948.6030457842307,FALSE,entero
2021-08-09,0.8,NA,151.49165963924008,12.774401013094554,1620.215421141894,FALSE,entero
2021-08-10,0,NA,127.73028695493274,12.083672360833555,1412.9479116005164,FALSE,entero
2021-08-11,0,45,108.14594377677615,10.110245423584804,1167.979396808586,TRUE,entero
2021-08-12,0,NA,97.92612804408336,8.322133796392176,1088.829104790012,FALSE,entero
2021-08-13,4.8,NA,121.53739835282971,11.240871982791342,1436.554324509709,FALSE,entero
2021-08-14,5.2,NA,141.9001615461414,12.893813258689313,1525.878713910673,FALSE,entero
2021-08-15,0.2,NA,122.03149035375768,11.04561231851866,1333.8818818441844,FALSE,entero
2021-08-16,14.5,NA,259.3420989369418,22.982938517769846,3046.7316083944793,FALSE,entero
2021-08-17,7.9,NA,295.99204511669035,29.615881501298198,3336.036622047325,FALSE,entero
2021-08-18,12.4,880,447.86687839823935,37.82507778942668,5668.260082243812,TRUE,entero
2021-08-19,12,NA,686.7751327030722,52.46962496987801,8859.812543100441,FALSE,entero
2021-08-20,0,800,451.36259339987384,36.16089719211493,5155.628388056244,TRUE,entero
2021-08-21,11.7,NA,672.499066995101,53.847758766764834,9076.14815473679,FALSE,entero
2021-08-22,0,NA,474.14956795282785,41.33658638161122,6255.348369609555,FALSE,entero
2021-08-23,0,120,365.41341300798143,32.82482304298681,4509.170191104079,TRUE,entero
2021-08-24,9.6,NA,501.57370030217515,40.68358613661784,6296.333858307293,FALSE,entero
2021-08-25,30.5,NA,2595.0507124959654,157.17408705798454,48955.38958153605,FALSE,entero
2021-08-26,5.4,NA,2127.2796142490006,146.7169698019042,29236.625717670275,FALSE,entero
2021-08-27,0,NA,1340.3836408187667,85.22650372135767,20834.965220923135,FALSE,entero
2021-08-28,0,NA,836.3626216411959,59.92935915809181,11915.272947187517,FALSE,entero
2021-08-29,0,NA,578.1774921275519,38.92852302331436,8046.447724998461,FALSE,entero
2021-08-30,0,NA,410.3423671532704,28.181458806707916,6031.824445795558,FALSE,entero
2021-08-31,0,NA,321.9124374850463,21.95317513738052,4441.671882445925,FALSE,entero
2022-06-01,10.5,NA,268.83752862563773,21.28949102296292,3301.647030244045,FALSE,entero
2022-06-02,14.2,300,512.0229157155939,41.60820867934226,6915.267013149478,TRUE,entero
2022-06-03,0,NA,390.95740754053656,33.09381588580374,4717.1700680437725,FALSE,entero
2022-06-04,0.4,NA,300.2751801361677,26.669712112247343,3769.9180538996325,FALSE,entero
2022-06-05,0,NA,239.16887704682978,20.38422645716809,2760.406663345503,FALSE,entero
2022-06-06,0,NA,193.70517154407972,16.45002515773584,2181.9719336417606,FALSE,entero
2022-06-07,2.3,NA,201.4115614829588,18.87420841148045,2325.9974708418495,FALSE,entero
2022-06-08,0,NA,168.97642987324167,14.844115463737554,1888.2830551948737,FALSE,entero
2022-06-09,0,NA,142.757395398769,11.891162086177477,1678.0398244776434,FALSE,entero
2022-06-10,0,NA,130.86911901438728,12.274659176007862,1543.8345865952833,FALSE,entero
2022-06-11,0,NA,114.54252734884822,9.786672554070494,1306.828520463136,FALSE,entero
2022-06-12,0,NA,104.46403052222705,8.86203222654858,1259.8914928276274,FALSE,entero
2022-06-13,0,NA,92.40711041128814,7.749554054549384,1134.995314869751,FALSE,entero
2022-06-14,0.1,NA,89.40646856110823,7.959536326030261,1102.0729820767622,FALSE,entero
2022-06-15,0,NA,77.71378443835873,6.4273358933489,881.4344659301452,FALSE,entero
2022-06-16,0,240,68.05332577922385,6.002132161590731,699.9216032732335,TRUE,entero
2022-06-17,0.1,NA,58.51514258449293,5.661739112715461,612.8416596776623,FALSE,entero
2022-06-18,9.7,NA,99.48872191513944,9.134347027957519,1011.8235027690522,FALSE,entero
2022-06-19,0,NA,91.00503797405662,8.81560644794099,979.4747518567796,FALSE,entero
2022-06-20,2.4,NA,91.1627904778645,8.179016411225563,894.5580200780656,FALSE,entero
2022-06-21,0,510,83.71713988935001,7.55560545941552,872.5803577144297,TRUE,entero
2022-06-22,0,NA,68.06354720609936,6.457109281781825,704.178046287784,FALSE,entero
2022-06-23,0,NA,56.3317938074341,4.87023731681324,600.3265384351787,FALSE,entero
2022-06-24,0,NA,52.6001652286997,4.66533718858863,533.3929262803074,FALSE,entero
2022-06-25,0,NA,53.737107178270115,4.667207880386986,605.8774217771266,FALSE,entero
2022-06-26,0,NA,49.99700675344585,4.429913282156475,526.2090033422086,FALSE,entero
2022-06-27,0,190,48.85352955295774,4.7379742186199065,520.7430068008283,TRUE,entero
2022-06-28,0,NA,46.136581231674754,4.209949318866981,522.4772537789954,FALSE,entero
2022-06-29,0,NA,43.697846929624596,4.305644477543008,483.96499977200085,FALSE,entero
2022-06-30,0,110,44.86929940082923,3.8635976130527947,520.9480820725757,TRUE,entero
2022-07-01,0,NA,42.93240005995118,3.7086143986664895,445.1679394791338,FALSE,entero
2022-07-02,0,NA,42.24219851535747,3.900452502516851,430.7361064542189,FALSE,entero
2022-07-03,0,NA,41.927571716802824,3.1981594592923703,468.3175140874478,FALSE,entero
2022-07-04,0,34,41.47394916346026,3.763267838537653,449.71945878622694,TRUE,entero
2022-07-05,0.1,NA,40.31172095684343,3.5602394192185365,419.7745334051896,FALSE,entero
2022-07-06,0,NA,39.879736768771124,3.618755435576969,420.22203604805526,FALSE,entero
2022-07-07,0,NA,40.253745708462674,3.885513977490208,478.0317594972527,FALSE,entero
2022-07-08,0,NA,38.274091822028815,3.1896508132817494,397.65159732566985,FALSE,entero
2022-07-09,1.4,NA,39.60352766151208,3.675488631043739,412.27630964322213,FALSE,entero
2022-07-10,0,NA,37.46062462689768,3.3318918301093956,368.54467293435835,FALSE,entero
2022-07-11,0,40,35.98454236108142,3.113747491012309,422.43056956553306,TRUE,entero
2022-07-12,0.3,NA,37.219788879428336,3.522081494627593,387.95195759895313,FALSE,entero
2022-07-13,16.9,NA,105.94919142864488,9.307663728679575,1305.6691439064884,FALSE,entero
2022-07-14,3.6,NA,113.6822014949678,10.967821857274217,1257.8251197934492,FALSE,entero
2022-07-15,0,NA,95.08514698934665,8.237480078905081,987.3192308231298,FALSE,entero
2022-07-16,0.9,NA,90.45534710691732,8.596561652795856,1019.2776356287118,FALSE,entero
2022-07-17,7.6,NA,130.27038401698624,13.009102604466953,1475.5489052649423,FALSE,entero
2022-07-18,0.2,NA,112.97665963078767,11.109272406615148,1242.3851134579952,FALSE,entero
2022-07-19,6.4,NA,143.24644972354886,12.416365100362762,1540.8720937180167,FALSE,entero
2022-07-20,0,NA,123.46633579121988,10.712566052484052,1367.6264632416587,FALSE,entero
2022-07-21,0,NA,106.81462269981493,9.90711800440275,1104.8418640247426,FALSE,entero
2022-07-22,1.2,NA,102.45954873599149,9.161517307980263,1104.3959480841977,FALSE,entero
2022-07-23,0,NA,94.0384166290576,9.392963662392262,997.9087023204432,FALSE,entero
2022-07-24,0.7,NA,87.69229872022632,8.143053123891804,863.3142252118187,FALSE,entero
2022-07-25,0,NA,76.73047641095448,7.028553278786167,895.0965987136506,FALSE,entero
2022-07-26,3.7,80,92.62002140450726,9.007241306953098,1000.1467954499133,TRUE,entero
2022-07-27,0,NA,79.63926100223055,7.5636642625657275,798.4450614537353,FALSE,entero
2022-07-28,0.6,NA,77.65210478291205,7.625027800163413,859.952239160593,FALSE,entero
2022-07-29,0,NA,70.00075133629142,6.14443796437678,793.5738285680198,FALSE,entero
2022-07-30,1.4,NA,71.49744250373999,6.362711773061798,804.2063262909444,FALSE,entero
2022-07-31,3.5,NA,80.12451460873234,7.416403453637413,771.4046582041553,FALSE,entero
2022-08-01,0,NA,79.698999416506,7.153021149738595,808.9826531806189,FALSE,entero
2022-08-02,0,NA,68.78698371050025,6.616353695383062,721.1566968676575,FALSE,entero
2022-08-03,0,NA,55.56634265013968,5.415316855274257,615.6546554800997,FALSE,entero
2022-08-04,0,NA,54.34974211572091,5.231346392634849,602.9693980599926,FALSE,entero
2022-08-05,0.2,NA,49.459002708300325,5.060170201360739,561.7010195322982,FALSE,entero
2022-08-06,2,NA,52.92729987888771,4.643469597419498,569.6590989956505,FALSE,entero
2022-08-07,0,NA,47.56546768240758,4.474266561765027,490.95230128712564,FALSE,entero
2022-08-08,25.6,NA,233.14613189644825,21.22398733668695,2840.5812813401035,FALSE,entero
2022-08-09,0,NA,161.99165852406136,12.882779070948285,1921.7923504283522,FALSE,entero
2022-08-10,0,50,145.4037771419071,14.763607672099152,1451.0747553345952,TRUE,entero
2022-08-11,0,NA,115.16242390181405,10.775091669581418,1217.472696841457,FALSE,entero
2022-08-12,0,NA,98.2186545933757,9.102061368112125,1022.7671064209101,FALSE,entero
2022-08-13,0,NA,83.78593648272333,8.558761434071062,873.7502635993064,FALSE,entero
2022-08-14,0,NA,78.41044614813488,7.13986936035982,858.8525462529527,FALSE,entero
2022-08-15,0,NA,70.86762389095688,6.056867699711302,740.940961019224,FALSE,entero
2022-08-16,0,NA,65.20143586930877,5.708265613444994,702.43887190266355,FALSE,entero
2022-08-17,0.2,NA,60.079699703174576,5.333148177910236,693.8725548654261,FALSE,entero
2022-08-18,0,NA,57.741440095215225,5.1698688335702006,581.9964248376583,FALSE,entero
2022-08-19,0,NA,55.02207914250011,5.112044446226279,594.1405124381018,FALSE,entero
2022-08-20,0,NA,51.49242744084024,4.699480006302476,556.6523450119155,FALSE,entero
2022-08-21,0.6,NA,48.91239547302098,4.497162355858884,551.8017305117318,FALSE,entero
2022-08-22,3.8,NA,58.130782019552754,5.069024251829562,634.608421987573,FALSE,entero
2022-08-23,0,NA,55.951270361440535,4.960509076428669,618.5929399133238,FALSE,entero
2022-08-24,0.1,12,51.23124770033943,4.423081420401311,580.8778146236662,TRUE,entero
2020-06-01,0,NA,33.33784197305641,4.345313629865266,258.0251960987009,FALSE,coli
2020-06-02,0,NA,32.37132435663328,4.144772638189863,238.24796184062777,FALSE,coli
2020-06-03,0,5,28.942891122195608,3.62150517475188,229.67252438589216,TRUE,coli
2020-06-04,4.7,NA,42.453950014964796,5.703475284044319,307.0431675262115,FALSE,coli
2020-06-05,8,NA,75.65095955480525,8.59955537986788,574.67653670932,FALSE,coli
2020-06-06,2.6,NA,73.80523974117116,8.977013725430346,546.065800419523,FALSE,coli
2020-06-07,0,NA,60.34731677540593,7.6493999567011315,465.6406889536856,FALSE,coli
2020-06-08,1.2,NA,55.791893604440844,7.408903835415521,416.71455254521373,FALSE,coli
2020-06-09,0,NA,48.31917467001534,5.781321686288909,347.073330944567,FALSE,coli
2020-06-10,0,NA,42.206081780775456,5.7072958380271155,306.15742080071846,FALSE,coli
2020-06-11,0,NA,38.636224753022894,5.144965890198548,271.813280655096,FALSE,coli
2020-06-12,0,NA,37.24778987755471,4.610527885287173,300.47418031064353,FALSE,coli
2020-06-13,0,NA,33.25745978702541,4.092992986083303,244.30349610101663,FALSE,coli
2020-06-14,0,NA,30.250995562014474,4.009230137413843,231.96732772685297,FALSE,coli
2020-06-15,0,NA,29.88621990656519,4.058335861390909,233.94399979337308,FALSE,coli
2020-06-16,0.5,NA,29.598565830787187,3.80307797287966,232.0284189106055,FALSE,coli
2020-06-17,25,NA,252.61348650132257,25.317969387491146,2382.2241581491226,FALSE,coli
2020-06-18,0,NA,158.38165893258767,20.723595006388887,1148.5041543556956,FALSE,coli
2020-06-19,0,NA,112.9237413943768,14.731062097016608,834.5877667610255,FALSE,coli
2020-06-20,0,NA,86.4524113986179,11.807263814524086,740.4471480053174,FALSE,coli
2020-06-21,0,NA,64.8122901533726,8.775576056670328,484.4281906107802,FALSE,coli
2020-06-22,0,NA,55.631382266459354,7.38376965864202,423.4615285912114,FALSE,coli
2020-06-23,0,130,51.255142468967605,6.775728050249497,410.17059168883964,TRUE,coli
2020-06-24,0,NA,45.760360430625454,5.769396658331647,364.61475070711026,FALSE,coli
2020-06-25,0,NA,38.462909169107306,4.6545327085580785,289.54696802332654,FALSE,coli
2020-06-26,0,NA,34.00638810152949,4.384538279078229,256.31366656718996,FALSE,coli
2020-06-27,0,NA,32.51706560120972,4.11332647609311,260.6203682810244,FALSE,coli
2020-06-28,0,NA,31.066925329760632,4.217687547427155,235.68990468136306,FALSE,coli
2020-06-29,9.9,NA,72.10341184406032,8.770397087385899,545.7011857180731,FALSE,coli
2020-06-30,26.3,NA,607.7721704755211,61.681560112760934,6575.906689704658,FALSE,coli
2020-07-01,1.4,NA,380.89559168691574,44.94078365114447,3008.9457508722935,FALSE,coli
2020-07-02,1.4,NA,252.4743904208725,31.325462923453316,1978.7819785427282,FALSE,coli
2020-07-03,0,NA,170.4919732249732,23.064235311804698,1230.5806832788173,FALSE,coli
2020-07-04,10.5,NA,308.40795275719455,38.13007640750354,2475.5009252324708,FALSE,coli
2020-07-05,11.1,NA,515.1188918241269,64.35619396733179,4007.2368555786215,FALSE,coli
2020-07-06,0.3,NA,332.9607192707899,45.85015741479438,2575.4422281921866,FALSE,coli
2020-07-07,3.2,NA,273.8986484998624,34.371405650036344,2255.742329489735,FALSE,coli
2020-07-08,1.3,NA,181.49669304161566,22.763907598819866,1382.8703818017975,FALSE,coli
2020-07-09,0.4,NA,133.32134469696047,16.87525052455635,1032.3570572131161,FALSE,coli
2020-07-10,7.7,NA,204.01795890295347,27.239462139842477,1522.5477890827224,FALSE,coli
2020-07-11,5.7,NA,245.60916806215303,33.05537610189887,1822.0346555771305,FALSE,coli
2020-07-12,0,NA,161.28306810330577,20.360056580823954,1242.5829647182397,FALSE,coli
2020-07-13,18.6,1400,608.1082536354514,75.71002375121118,4805.149758562274,TRUE,coli
2020-07-14,0,NA,348.15169138557457,42.85340318448174,2870.1174009613264,FALSE,coli
2020-07-15,0,250,230.11984055842748,29.983564094637632,1874.3676248208,TRUE,coli
2020-07-16,0,NA,157.1920275302465,19.53969309817858,1411.9010851697792,FALSE,coli
2020-07-17,0,NA,114.87857646513032,13.431508471738764,1008.3435806541399,FALSE,coli
2020-07-18,0,NA,93.2970073298205,11.683870052429821,853.3709754913353,FALSE,coli
2020-07-19,0,NA,76.23657487057517,9.030866052577206,625.09065827691,FALSE,coli
2020-07-20,0,47,60.91956137943857,7.244311504207176,577.0151618877252,TRUE,coli
2020-07-21,0,NA,46.878314864442856,6.1656378855874685,343.549305972483,FALSE,coli
2020-07-22,0,NA,44.195370771904436,5.564673151595945,382.9069353669219,FALSE,coli
2020-07-23,1.7,NA,46.58372008695531,6.3981284197559,353.2529366970592,FALSE,coli
2020-07-24,3.7,NA,59.45373740949826,7.9582365762040155,453.816236615808,FALSE,coli
2020-07-25,1.5,NA,56.000490591765484,7.601967878439777,430.5633594743886,FALSE,coli
2020-07-26,0,NA,46.70326223748843,6.609554300439159,346.03531236349556,FALSE,coli
2020-07-27,7.9,NA,83.34882958215074,11.332372343353136,646.7338579866364,FALSE,coli
2020-07-28,7.4,NA,127.19841953644466,16.199932005989197,897.2247290209494,FALSE,coli
2020-07-29,15,NA,363.79615704549235,42.34053277738889,3000.4917819851194,FALSE,coli
2020-07-30,0,NA,214.40755899193056,28.520117918956903,1545.1430072424544,FALSE,coli
2020-07-31,0,NA,142.0774224825932,19.33157782646922,1084.9804452471315,FALSE,coli
2020-08-01,0,NA,103.40885931826664,12.350838943192569,791.6949010560401,FALSE,coli
2020-08-02,1,NA,87.19854358035695,11.42064451160775,664.6608305002158,FALSE,coli
2020-08-03,8.3,91,135.75372904900172,18.01136500774142,1013.1843627643668,TRUE,coli
2020-08-04,0.3,NA,104.20184104843568,12.86027474111062,869.8687719036566,FALSE,coli
2020-08-05,0.1,NA,81.15430101695821,9.764835538750084,625.4055428187861,FALSE,coli
2020-08-06,0,NA,67.73645553807602,9.46399637454212,512.3233083605368,FALSE,coli
2020-08-07,0,NA,56.70696229740937,7.979038633159533,430.64059894948787,FALSE,coli
2020-08-08,0,NA,50.773303462474686,6.380364369187991,399.9051496800333,FALSE,coli
2020-08-09,0,NA,45.01324668219017,5.636081002067313,350.952695984405,FALSE,coli
2020-08-10,0,NA,39.52663301291504,4.890941761009179,307.0909243784503,FALSE,coli
2020-08-11,0,NA,38.57265762520224,5.188083250207658,293.4352268642111,FALSE,coli
2020-08-12,4.7,NA,51.595901041865595,6.394859851851231,391.77105252828375,FALSE,coli
2020-08-13,0,NA,46.15481873103846,6.328004909505197,338.10285909947163,FALSE,coli
2020-08-14,0,NA,41.164844457680495,5.67207273858085,325.8216850421627,FALSE,coli
2020-08-15,0,NA,38.37926823590553,4.690339629081318,325.4160857797586,FALSE,coli
2020-08-16,0,NA,35.49641582962116,4.739621274799988,256.85044343829645,FALSE,coli
2020-08-17,0,NA,32.280009695268035,3.8938378545763026,217.99745799645694,FALSE,coli
2020-08-18,0,NA,29.924490735424502,3.8797800594160265,235.85004951308008,FALSE,coli
2020-08-19,0,NA,27.53989178921601,3.425707622827595,218.00460872999616,FALSE,coli
2020-08-20,0,NA,25.587731859157564,3.034547377847276,200.19875511027732,FALSE,coli
2020-08-21,1.9,NA,29.77598633021816,3.65704739729033,233.42248294753713,FALSE,coli
2020-08-22,13.8,NA,103.01308908517888,12.3412409366818,875.2689661175654,FALSE,coli
2020-08-23,20.5,NA,454.94543464697574,43.40447748514484,4632.2079071087,FALSE,coli
2020-08-24,8,2000,517.9235147574564,56.18452019510742,4445.666838624264,TRUE,coli
2020-08-25,0.3,NA,298.562890577237,36.5240425698542,2276.288412729365,FALSE,coli
2020-08-26,0.8,NA,206.15244871683888,25.339064624283214,1524.1281670647652,FALSE,coli
2020-08-27,0,86,139.80439858271887,18.733245190455875,1136.3831981962287,TRUE,coli
2020-08-28,0,NA,104.01568303291724,13.958986264510893,829.1299996802376,FALSE,coli
2020-08-29,12.2,NA,245.5431658899775,32.96727036511055,1822.9916673471218,FALSE,coli
2020-08-30,2.9,NA,210.87757128004688,28.89266878795108,1556.3297339056473,FALSE,coli
2020-08-31,1,NA,159.59402274914345,21.263000742338853,1235.1826931852527,FALSE,coli
2021-06-01,0,44,102.61021714913063,12.344267246874653,859.9039501525187,TRUE,coli
2021-06-02,0,NA,83.34851190890664,11.146140801652223,752.7989253955324,FALSE,coli
2021-06-03,0,NA,70.52491671032236,8.834039952655429,610.7815324906027,FALSE,coli
2021-06-04,0,NA,59.82078349368722,7.965452019637363,499.65346703975337,FALSE,coli
2021-06-05,0,NA,51.86114088053951,6.818810557270739,431.00891565395193,FALSE,coli
2021-06-06,13.1,NA,146.97352877054757,19.4358592948777,1121.045693824908,FALSE,coli
2021-06-07,0.2,NA,108.22496600225708,14.36062984887314,844.1100546317568,FALSE,coli
2021-06-08,0,NA,82.02008578848213,10.937971430192896,613.6984485116564,FALSE,coli
2021-06-09,0,NA,68.03907941951739,9.485982088691816,512.2418546147373,FALSE,coli
2021-06-10,0,NA,53.01970409724288,7.190405542788793,423.2652892979333,FALSE,coli
2021-06-11,0,NA,46.03854346091839,6.305510963305466,339.2198659180533,FALSE,coli
2021-06-12,5,NA,64.18206191837197,8.37639364113314,496.5590434121285,FALSE,coli
2021-06-13,0.2,NA,56.98891339525784,8.02979815357286,417.0178026805922,FALSE,coli
2021-06-14,0.5,NA,50.181783622541005,6.43803026327002,368.74259084599873,FALSE,coli
2021-06-15,0,88,43.18420385100115,5.901327197772716,333.4299357910674,TRUE,coli
2021-06-16,0,NA,34.87761383815793,4.676071867372573,266.5882213593247,FALSE,coli
2021-06-17,0,NA,33.0381288880063,4.107534047082797,250.22289823466602,FALSE,coli
2021-06-18,0,NA,30.94557207389204,3.8007430819238643,220.7966834953892,FALSE,coli
2021-06-19,0,NA,29.20270217275552,3.854798160859782,214.52010005487472,FALSE,coli
2021-06-20,0,NA,28.083818889660225,3.745253538128571,195.78776824201748,FALSE,coli
2021-06-21,0,35,27.81341451011785,3.5213670188029824,204.85652017451565,TRUE,coli
2021-06-22,0,NA,26.1872696459794,3.357965716076141,205.9986029274949,FALSE,coli
2021-06-23,11.7,NA,74.84068087735511,9.47752768176276,593.5034185762531,FALSE,coli
2021-06-24,0,1600,59.639699189548445,7.61076195723714,437.1613779680185,TRUE,coli
2021-06-25,0,NA,49.51519296529054,6.679454230340502,365.23192090025105,FALSE,coli
2021-06-26,0,NA,44.82598490494343,5.693563202766437,341.57662282198277,FALSE,coli
2021-06-27,0,NA,36.03219943664131,4.543468805738703,261.3600192418803,FALSE,coli
2021-06-28,0,NA,33.864520250833294,4.34880907634222,252.51278880883584,FALSE,coli
2021-06-29,0,NA,31.689387035639548,4.398240608291448,226.734032481637,FALSE,coli
2021-06-30,8,61,60.37158178144805,7.290597110679377,430.6175774423674,TRUE,coli
2021-07-01,0,NA,50.756204514819245,6.44359325217699,356.502468208333,FALSE,coli
2021-07-02,0,NA,44.61602071016067,6.179020437286303,323.7047810357065,FALSE,coli
2021-07-03,0,NA,40.090503366071694,5.527699048381793,302.35788404049924,FALSE,coli
2021-07-04,0,NA,34.994890181995004,4.401409055228737,266.2215731257996,FALSE,coli
2021-07-05,0,NA,33.15584780073531,3.9136905082567677,237.11594780976975,FALSE,coli
2021-07-06,0.3,31,31.431619437959647,4.1655463962874935,246.80603941709913,TRUE,coli
2021-07-07,1.4,NA,33.98501298709378,4.06228358407751,264.7515020862505,FALSE,coli
2021-07-08,1.1,NA,35.21380731500512,4.862349830684298,259.1432054453549,FALSE,coli
2021-07-09,0,NA,31.20160069979784,3.8992846907753287,224.58675245781347,FALSE,coli
2021-07-10,0,NA,30.655130491918687,4.008692691123139,258.3561532428523,FALSE,coli
2021-07-11,0,NA,29.453833707814994,3.6336686163643774,215.72911459010535,FALSE,coli
2021-07-12,0,NA,28.622814332921024,3.536910823327986,216.9548180832771,FALSE,coli
2021-07-13,0,23,27.52622788357569,3.6202353142983252,217.79599836472687,TRUE,coli
2021-07-14,0,NA,26.082257547635752,3.308733730315787,197.05315501311156,FALSE,coli
2021-07-15,0,NA,25.21486569102022,3.182717527715333,205.2518636395094,FALSE,coli
2021-07-16,0,NA,23.71385912263364,2.9687979572166894,181.0795281770119,FALSE,coli
2021-07-17,0,NA,23.837445962428937,3.092472387899552,168.43628080699534,FALSE,coli
2021-07-18,0.6,NA,24.83392562056664,3.36020651713988,194.44547123135317,FALSE,coli
2021-07-19,0,NA,25.2451708262149,3.207105231607559,186.96079111475427,FALSE,coli
2021-07-20,2.6,NA,30.61710120335936,4.173085761197245,230.66949546484017,FALSE,coli
2021-07-21,0,NA,27.043501121589617,3.428473895049815,204.28553025262548,FALSE,coli
2021-07-22,0,NA,26.48490812795889,3.2256978373061744,207.44494918634592,FALSE,coli
2021-07-23,0,NA,25.406314589882165,3.132104963992588,176.2874591945789,FALSE,coli
2021-07-24,0,NA,25.264654485515347,3.317357434722163,206.8549083453416,FALSE,coli
2021-07-25,0,NA,24.50657607484565,3.0130632516895313,204.21030249692595,FALSE,coli
2021-07-26,0,NA,23.02834491438755,3.0721375966529356,172.75538570898993,FALSE,coli
2021-07-27,17,6,106.90118438385608,12.358501251205867,931.1457381202,TRUE,coli
2021-07-28,11,NA,207.66198706689025,21.43984492345503,1744.2325300232553,FALSE,coli
2021-07-29,0,NA,135.3169238986233,16.015219486128892,1037.0627744390335,FALSE,coli
2021-07-30,10,110,235.18673179195278,27.93994285832331,1794.8381568631228,TRUE,coli
2021-07-31,3.3,NA,206.4415442628912,25.0600330840276,1528.497537685046,FALSE,coli
2021-08-01,0,NA,138.478105874683,19.24438180378809,1039.171760855061,FALSE,coli
2021-08-02,0.2,NA,106.35832690792955,13.70344794878352,813.1503895951839,FALSE,coli
2021-08-03,0.2,NA,83.33847214907455,10.889712584143897,668.0450961733436,FALSE,coli
2021-08-04,0,NA,68.84126619871503,9.230943044087628,509.4718975841513,FALSE,coli
2021-08-05,0,NA,57.00877773136422,8.237282337267208,404.3784839963895,FALSE,coli
2021-08-06,0,NA,49.54165995848358,6.335692045968246,391.61331708708866,FALSE,coli
2021-08-07,13,NA,142.26188784688176,19.39600188545471,1133.6575178047963,FALSE,coli
2021-08-08,4,NA,145.34379549953525,20.299767700189516,1006.9788374128557,FALSE,coli
2021-08-09,0.8,NA,113.85420948731466,15.024958773343432,949.2170453486247,FALSE,coli
2021-08-10,0,NA,88.59976569214466,12.242800865094623,660.099274177454,FALSE,coli
2021-08-11,0,44,71.46132131539667,9.223538329053323,504.7226310434159,TRUE,coli
2021-08-12,0,NA,58.590198403898405,8.203459491576497,448.6269277175969,FALSE,coli
2021-08-13,4.8,NA,77.12532263855805,10.704882113268871,541.6867530293524,FALSE,coli
2021-08-14,5.2,NA,100.11932016585666,14.358395893805547,709.7985878406421,FALSE,coli
2021-08-15,0.2,NA,81.33086080472644,11.00433489890225,662.1921910013533,FALSE,coli
2021-08-16,14.5,NA,245.012461184152,29.353511814304838,2102.781719456191,FALSE,coli
2021-08-17,7.9,NA,295.7040803737881,37.49070628095138,2268.607212673248,FALSE,coli
2021-08-18,12.4,1700,566.9921460922393,66.31264811350478,4659.640836276064,TRUE,coli
2021-08-19,12,NA,912.8645927476385,98.18713021168108,8435.789031182292,FALSE,coli
2021-08-20,0,1100,447.4654834865258,52.96274940573647,3497.0659841300003,TRUE,coli
2021-08-21,11.7,NA,751.6027319929142,86.1636937329003,6521.871995732413,FALSE,coli
2021-08-22,0,NA,406.4384471241712,50.95897259434001,3477.350651473361,FALSE,coli
2021-08-23,0,74,263.75613075040377,32.06157834320059,2162.7747839871554,TRUE,coli
2021-08-24,9.6,NA,412.9903296377943,50.80005678199523,3496.46063154641,FALSE,coli
2021-08-25,30.5,NA,3851.3995948634606,338.15483155820914,41856.64918646946,FALSE,coli
2021-08-26,5.4,NA,2562.4639856558115,261.5738379889652,25092.43829385665,FALSE,coli
2021-08-27,0,NA,1152.866923947263,115.37685258368818,12026.516939089966,FALSE,coli
2021-08-28,0,NA,570.4590862325815,57.93139949693653,6191.414344043909,FALSE,coli
2021-08-29,0,NA,335.5191855865722,36.05330169633158,3241.1376665746748,FALSE,coli
2021-08-30,0,NA,219.41595898736114,23.99277082486328,2411.864197028192,FALSE,coli
2021-08-31,0,NA,161.4854577692517,14.815333736821998,1725.9418113562676,FALSE,coli
2022-06-01,10.5,NA,238.38083127452404,32.247151881080924,1760.1947491516858,FALSE,coli
2022-06-02,14.2,410,579.5921964607935,72.70462625053862,4949.810514459062,TRUE,coli
2022-06-03,0,NA,315.26254017034927,40.15369984685491,2583.357588048513,FALSE,coli
2022-06-04,0.4,NA,208.15809728629748,25.324448299856908,1549.0353816072998,FALSE,coli
2022-06-05,0,NA,152.0385636399418,19.343004793513945,1179.2625893986606,FALSE,coli
2022-06-06,0,NA,113.13313849663069,13.688306378915089,930.1390887070781,FALSE,coli
2022-06-07,2.3,NA,107.55168458422143,13.643091141696932,911.8558351130638,FALSE,coli
2022-06-08,0,NA,88.79745972085077,10.876527777165233,742.83262266399,FALSE,coli
2022-06-09,0,NA,69.50379910998257,9.01277649754484,565.7760269457985,FALSE,coli
2022-06-10,0,NA,60.91350207919985,7.345051390878995,518.0872025628481,FALSE,coli
2022-06-11,0,NA,52.29224693577146,6.603698657235087,408.2662113666358,FALSE,coli
2022-06-12,0,NA,49.20199813999295,6.368243777336781,382.8320556318436,FALSE,coli
2022-06-13,0,NA,43.07930298549884,5.962943057340016,351.3012552210155,FALSE,coli
2022-06-14,0.1,NA,40.88988525079944,5.3573805212003895,326.35958010569783,FALSE,coli
2022-06-15,0,NA,35.46654187073757,4.369287372469337,274.6933806797289,FALSE,coli
2022-06-16,0,36,33.780536084131,4.351370839813088,280.09712102011076,TRUE,coli
2022-06-17,0.1,NA,30.90031295235872,4.096685798931443,227.84022669244243,FALSE,coli
2022-06-18,9.7,NA,72.72352859551347,9.851995930168712,557.8804358223476,FALSE,coli
2022-06-19,0,NA,56.87765855994639,7.619467077117047,394.0861027506773,FALSE,coli
2022-06-20,2.4,NA,62.448490917584884,8.866824388302845,454.3619348423572,FALSE,coli
2022-06-21,0,180,53.30598687056593,7.002829017515538,406.36802544881965,TRUE,coli
2022-06-22,0,NA,42.48889908030507,5.710799495999523,306.9145756485452,FALSE,coli
2022-06-23,0,NA,36.78015043904389,4.730446567826828,283.538751019785,FALSE,coli
2022-06-24,0,NA,34.69837702109936,4.360846927994251,251.7974011095568,FALSE,coli
2022-06-25,0,NA,34.317213966216414,4.310361629583053,263.075982321316,FALSE,coli
2022-06-26,0,NA,30.5981408645573,3.7625228623245497,239.0082472527307,FALSE,coli
2022-06-27,0,83,29.477371545179565,3.7270578762287174,200.16888518785322,TRUE,coli
2022-06-28,0,NA,27.38833089565485,3.552930734240404,207.6042455805301,FALSE,coli
2022-06-29,0,NA,26.47548536469758,3.4910110886451955,194.92580629486974,FALSE,coli
2022-06-30,0,23,27.749454968992996,3.6204647993233867,203.10348702645544,TRUE,coli
2022-07-01,0,NA,25.88142875111232,3.4474021610441548,186.7162852517171,FALSE,coli
2022-07-02,0,NA,25.70405888467567,3.1523469916291202,182.59902563570293,FALSE,coli
2022-07-03,0,NA,25.535136716519194,3.3771089884298804,194.47592376680754,FALSE,coli
2022-07-04,0,51,24.873834020105484,2.98420952786623,186.73710312872504,TRUE,coli
2022-07-05,0.1,NA,25.929154864955887,3.3473656734746338,203.83618015348637,FALSE,coli
2022-07-06,0,NA,25.199947619468723,3.129536669466304,188.23201958300123,FALSE,coli
2022-07-07,0,NA,24.578406782953397,2.992497121500432,199.60503644237437,FALSE,coli
2022-07-08,0,NA,24.58765988677562,3.0395736184011106,190.47667095277893,FALSE,coli
2022-07-09,1.4,NA,26.907191186768475,3.4976291646427935,202.74968739205573,FALSE,coli
2022-07-10,0,NA,26.28539695785809,3.146084632569414,203.45621448113607,FALSE,coli
2022-07-11,0,25,25.026203470628428,3.2234179757459245,178.77387755300936,TRUE,coli
2022-07-12,0.3,NA,24.88012794291548,2.9873260571621536,190.18349949804445,FALSE,coli
2022-07-13,16.9,NA,112.54896492617515,13.579907736612816,901.5249867974563,FALSE,coli
2022-07-14,3.6,NA,112.87360205686909,12.499359605628863,877.5716021044353,FALSE,coli
2022-07-15,0,NA,87.33788006895632,11.481584053928808,660.5029857784448,FALSE,coli
2022-07-16,0.9,NA,74.31395307574448,9.881896651088661,567.449750389106,FALSE,coli
2022-07-17,7.6,NA,119.98261976437058,16.418228682458214,919.7444237898374,FALSE,coli
2022-07-18,0.2,NA,88.0487248511067,11.135139631289329,630.3743052026031,FALSE,coli
2022-07-19,6.4,NA,126.83996629482654,16.26893366280715,934.720672306347,FALSE,coli
2022-07-20,0,NA,94.71065331647408,12.812932880224619,662.8416245219271,FALSE,coli
2022-07-21,0,NA,73.80747956573101,9.261966574702853,543.8223838087189,FALSE,coli
2022-07-22,1.2,NA,68.22335674623605,8.986401317987553,490.2435910977428,FALSE,coli
2022-07-23,0,NA,58.09057902961436,7.932757646112488,444.08293387371344,FALSE,coli
2022-07-24,0.7,NA,55.26606289144152,7.557785033804481,450.93716562510025,FALSE,coli
2022-07-25,0,NA,48.44218902421512,6.56982087108487,348.6396661366313,FALSE,coli
2022-07-26,3.7,29,57.69751123107558,7.502825475061804,422.3087288836697,TRUE,coli
2022-07-27,0,NA,52.59380927254987,7.0470319006776885,407.33758891407774,FALSE,coli
2022-07-28,0.6,NA,49.33422177845977,6.449066129810634,407.2405228007713,FALSE,coli
2022-07-29,0,NA,42.46229079689782,5.6202840542727985,316.1491450135858,FALSE,coli
2022-07-30,1.4,NA,43.33649828377012,6.043932820737161,350.9623491929437,FALSE,coli
2022-07-31,3.5,NA,54.498959883900206,7.151710741241727,375.535069889522,FALSE,coli
2022-08-01,0,NA,47.640362415067536,6.37490653252759,364.945010669449,FALSE,coli
2022-08-02,0,NA,42.92599345167308,5.961420293217209,325.973894474151,FALSE,coli
2022-08-03,0,NA,36.51577630585371,5.023055110167909,293.2773553231246,FALSE,coli
2022-08-04,0,NA,33.96144872877335,4.52182441326897,241.6904713160465,FALSE,coli
2022-08-05,0.2,NA,32.360493804176336,4.108971714867451,246.6695010263527,FALSE,coli
2022-08-06,2,NA,35.41701030832155,4.562355031499359,279.4707165885933,FALSE,coli
2022-08-07,0,NA,33.3152891190039,4.273650240257703,265.14101196443164,FALSE,coli
2022-08-08,25.6,NA,295.7040487545535,32.53540741163703,2904.693011151615,FALSE,coli
2022-08-09,0,NA,183.57414450249308,22.048877237024286,1433.2993295957326,FALSE,coli
2022-08-10,0,34,126.13757879051653,16.1678446810118,972.146329958954,TRUE,coli
2022-08-11,0,NA,91.38253100034548,13.073130276891773,643.4362680954398,FALSE,coli
2022-08-12,0,NA,77.11639291102095,9.98506481995714,583.2250030650109,FALSE,coli
2022-08-13,0,NA,63.69208457968723,8.343935559383011,496.2830396809947,FALSE,coli
2022-08-14,0,NA,51.72122646487678,7.137073082448427,411.68441680673146,FALSE,coli
2022-08-15,0,NA,46.06524607343013,5.701270613161451,362.010345401687,FALSE,coli
2022-08-16,0,NA,41.664829350543215,5.533008458419055,310.4041112999809,FALSE,coli
2022-08-17,0.2,NA,39.72779732741518,5.737003491670951,299.2176777423121,FALSE,coli
2022-08-18,0,NA,37.0025096464303,5.237077317767106,262.75381581811627,FALSE,coli
2022-08-19,0,NA,33.18344700865119,4.195084594993394,252.85680898484793,FALSE,coli
2022-08-20,0,NA,31.917627810180306,4.224158310782085,265.48881327720403,FALSE,coli
2022-08-21,0.6,NA,32.571717495273624,4.4350823634239305,258.42464890936634,FALSE,coli
2022-08-22,3.8,NA,41.42639091538316,5.219487068192871,333.15149347750173,FALSE,coli
2022-08-23,0,NA,37.6288791373861,4.708330056413424,304.18849169086576,FALSE,coli
2022-08-24,0.1,60,34.50348885265297,4.662451899936441,267.08157230098413,TRUE,coli
